date,1
2019-1-1,112.7032836
2019-1-2,79.68336961
2019-1-3,107.7023824
2019-1-4,102.540117
2019-1-5,85.4125647
2019-1-6,95.48759401
2019-1-7,101.0821545
2019-1-8,113.30934
2019-1-9,102.7806335
2019-1-10,83.31163234
2019-1-11,102.1064465
2019-1-12,113.3237372
2019-1-13,112.5579315
2019-1-14,111.7879553
2019-1-15,112.9516629
2019-1-16,114.5420651
2019-1-17,113.2180389
2019-1-18,111.5609957
2019-1-19,107.0400816
2019-1-20,105.0434322
2019-1-21,104.7541108
2019-1-22,103.3228027
2019-1-23,100.5327619
2019-1-24,96.54983698
2019-1-25,94.98387206
2019-1-26,93.76159163
2019-1-27,88.62409482
2019-1-28,90.26000412
2019-1-29,84.98101191
2019-1-30,85.25209498
2019-1-31,84.98730918
2019-2-1,121.0232169
2019-2-2,76.77395975
2019-2-3,109.8269858
2019-2-4,105.3749061
2019-2-5,87.10058774
2019-2-6,92.39633215
2019-2-7,102.4296499
2019-2-8,107.0068969
2019-2-9,106.5724477
2019-2-10,86.30020435
2019-2-11,105.4561618
2019-2-12,116.1521597
2019-2-13,91.75242747
2019-2-14,93.82609153
2019-2-15,94.48051067
2019-2-16,92.95990718
2019-2-17,95.89990054
2019-2-18,100.970406
2019-2-19,99.22577214
2019-2-20,98.99758711
2019-2-21,101.6362556
2019-2-22,99.62178939
2019-2-23,96.2851327
2019-2-24,95.44519036
2019-2-25,97.54354863
2019-2-26,100.4379208
2019-2-27,99.7796279
2019-2-28,97.75671651
2019-3-1,119.6064085
2019-3-2,76.02718973
2019-3-3,106.8382243
2019-3-4,105.4276154
2019-3-5,92.62493415
2019-3-6,102.0320414
2019-3-7,105.8372437
2019-3-8,106.1427799
2019-3-9,107.6616753
2019-3-10,91.19220592
2019-3-11,100.5702862
2019-3-12,116.9194024
2019-3-13,102.4127939
2019-3-14,100.3457461
2019-3-15,99.48539789
2019-3-16,99.13653786
2019-3-17,96.54043202
2019-3-18,99.07363397
2019-3-19,95.06501427
2019-3-20,97.24924793
2019-3-21,97.45665067
2019-3-22,101.2668264
2019-3-23,100.9298289
2019-3-24,96.73735511
2019-3-25,99.21976881
2019-3-26,97.48216882
2019-3-27,98.27732653
2019-3-28,98.69011703
2019-3-29,96.18195029
2019-3-30,96.43484361
2019-3-31,95.5844982
2019-4-1,116.545699
2019-4-2,73.61108682
2019-4-3,103.7381857
2019-4-4,95.62716997
2019-4-5,94.69898369
2019-4-6,104.4034348
2019-4-7,102.6211634
2019-4-8,104.9004815
2019-4-9,107.2804232
2019-4-10,96.58100461
2019-4-11,103.0486523
2019-4-12,118.5596448
2019-4-13,100.7036602
2019-4-14,96.80744294
2019-4-15,98.26742052
2019-4-16,96.89843205
2019-4-17,92.65259873
2019-4-18,96.07770855
2019-4-19,95.89549091
2019-4-20,99.18606703
2019-4-21,96.98584413
2019-4-22,97.35499045
2019-4-23,100.032802
2019-4-24,101.3679399
2019-4-25,99.60886079
2019-4-26,99.17039358
2019-4-27,99.11554327
2019-4-28,100.7635544
2019-4-29,98.70333773
2019-4-30,95.5102638
2019-5-1,117.8703098
2019-5-2,71.82323042
2019-5-3,104.284663
2019-5-4,87.26002588
2019-5-5,94.51625256
2019-5-6,105.4364092
2019-5-7,99.05087579
2019-5-8,108.9441272
2019-5-9,109.2635413
2019-5-10,100.0895034
2019-5-11,104.7313134
2019-5-12,121.0821338
2019-5-13,100.228039
2019-5-14,101.6760322
2019-5-15,102.1402626
2019-5-16,100.6812105
2019-5-17,102.3759613
2019-5-18,102.918321
2019-5-19,97.47090697
2019-5-20,97.65022389
2019-5-21,97.74908057
2019-5-22,100.562159
2019-5-23,101.6283939
2019-5-24,99.87809943
2019-5-25,102.64056
2019-5-26,101.327266
2019-5-27,99.66256451
2019-5-28,100.4748917
2019-5-29,100.3845314
2019-5-30,99.04531455
2019-5-31,97.82238834
2019-6-1,114.9886433
2019-6-2,72.20398722
2019-6-3,103.388411
2019-6-4,92.27376654
2019-6-5,99.68966263
2019-6-6,100.8333145
2019-6-7,97.68240441
2019-6-8,113.0070662
2019-6-9,111.4854805
2019-6-10,100.7906017
2019-6-11,108.0033373
2019-6-12,121.8718374
2019-6-13,103.7588468
2019-6-14,102.9256297
2019-6-15,105.1311363
2019-6-16,100.8470406
2019-6-17,104.1691885
2019-6-18,108.5043214
2019-6-19,110.5864629
2019-6-20,108.981318
2019-6-21,109.3348926
2019-6-22,108.4352808
2019-6-23,101.259223
2019-6-24,103.5669833
2019-6-25,99.96068518
2019-6-26,101.6112913
2019-6-27,105.7211733
2019-6-28,108.0102867
2019-6-29,106.6965107
2019-6-30,103.3274311
2019-7-1,117.5680064
2019-7-2,75.44666338
2019-7-3,101.9449882
2019-7-4,98.32950728
2019-7-5,102.3508708
2019-7-6,91.82991331
2019-7-7,96.01078487
2019-7-8,112.9430953
2019-7-9,110.9294871
2019-7-10,99.62076944
2019-7-11,108.0551618
2019-7-12,120.3933686
2019-7-13,99.20559379
2019-7-14,98.15182789
2019-7-15,104.5727042
2019-7-16,105.7604433
2019-7-17,106.9116739
2019-7-18,110.2081894
2019-7-19,109.6153865
2019-7-20,108.196519
2019-7-21,105.5929671
2019-7-22,111.6704205
2019-7-23,113.0589503
2019-7-24,117.7386094
2019-7-25,117.4856471
2019-7-26,118.1845676
2019-7-27,116.0775768
2019-7-28,114.6798304
2019-7-29,117.824578
2019-7-30,117.7776284
2019-7-31,117.4685094
2019-8-1,115.7452963
2019-8-2,79.25905671
2019-8-3,103.5298826
2019-8-4,100.8608109
2019-8-5,100.9183533
2019-8-6,94.65660731
2019-8-7,102.2288758
2019-8-8,113.1738893
2019-8-9,112.1661304
2019-8-10,100.3249496
2019-8-11,109.4469817
2019-8-12,114.4778181
2019-8-13,109.1482155
2019-8-14,113.091806
2019-8-15,108.4839995
2019-8-16,106.6874152
2019-8-17,107.751795
2019-8-18,105.6771336
2019-8-19,111.2229435
2019-8-20,111.7052147
2019-8-21,113.8579133
2019-8-22,113.8886491
2019-8-23,115.5639184
2019-8-24,114.7284266
2019-8-25,108.2109033
2019-8-26,112.3959677
2019-8-27,115.2282199
2019-8-28,112.0396411
2019-8-29,106.7056315
2019-8-30,106.305803
2019-8-31,102.8532246
2019-9-1,118.2546621
2019-9-2,84.03897817
2019-9-3,106.6864927
2019-9-4,106.5638763
2019-9-5,102.6421012
2019-9-6,104.6942848
2019-9-7,100.2149257
2019-9-8,111.5095761
2019-9-9,115.3939276
2019-9-10,101.0571915
2019-9-11,106.9569128
2019-9-12,118.0389057
2019-9-13,98.93880268
2019-9-14,104.510885
2019-9-15,105.383813
2019-9-16,106.2042776
2019-9-17,104.7806753
2019-9-18,102.8231565
2019-9-19,103.8446881
2019-9-20,104.1421708
2019-9-21,101.3586786
2019-9-22,97.69619612
2019-9-23,102.4535975
2019-9-24,103.5249495
2019-9-25,102.6497355
2019-9-26,101.3662497
2019-9-27,102.0207548
2019-9-28,99.77087192
2019-9-29,99.59318151
2019-9-30,92.91669073
2019-10-1,117.6612703
2019-10-2,88.17890875
2019-10-3,100.9325903
2019-10-4,109.088095
2019-10-5,98.83401894
2019-10-6,110.0696146
2019-10-7,98.64448718
2019-10-8,104.9592741
2019-10-9,114.9762022
2019-10-10,104.9260123
2019-10-11,104.0438707
2019-10-12,118.3470526
2019-10-13,102.5998091
2019-10-14,100.7711387
2019-10-15,104.8836621
2019-10-16,109.0841658
2019-10-17,106.3805269
2019-10-18,103.6753251
2019-10-19,101.2504138
2019-10-20,97.09985498
2019-10-21,103.0557559
2019-10-22,104.3701752
2019-10-23,105.0688673
2019-10-24,103.1050703
2019-10-25,105.2890198
2019-10-26,102.8251365
2019-10-27,97.89058152
2019-10-28,98.47157519
2019-10-29,101.5304834
2019-10-30,99.08270627
2019-10-31,102.2121068
2019-11-1,117.729509
2019-11-2,88.84816005
2019-11-3,99.15482863
2019-11-4,105.3894764
2019-11-5,98.14152874
2019-11-6,107.1515011
2019-11-7,100.4719509
2019-11-8,97.44339095
2019-11-9,111.3682579
2019-11-10,107.6572107
2019-11-11,107.3014328
2019-11-12,119.4109003
2019-11-13,109.3635651
2019-11-14,111.2047399
2019-11-15,114.7174903
2019-11-16,111.8555304
2019-11-17,111.6984771
2019-11-18,116.8962849
2019-11-19,119.1239074
2019-11-20,123.674462
2019-11-21,120.7570631
2019-11-22,115.8112929
2019-11-23,117.2390477
2019-11-24,113.4324474
2019-11-25,124.4599614
2019-11-26,127.5132956
2019-11-27,129.4597497
2019-11-28,129.6513658
2019-11-29,132.2547649
2019-11-30,129.457118
2019-12-1,114.4503719
2019-12-2,91.77635724
2019-12-3,98.96417133
2019-12-4,99.74909054
2019-12-5,95.29423736
2019-12-6,107.7326076
2019-12-7,99.11081828
2019-12-8,102.7797948
2019-12-9,111.7516344
2019-12-10,105.8558991
2019-12-11,108.0027022
2019-12-12,120.0956468
2019-12-13,117.2729998
2019-12-14,116.3736119
2019-12-15,116.4598662
2019-12-16,115.2596766
2019-12-17,120.3720873
2019-12-18,126.484446
2019-12-19,125.8952298
2019-12-20,123.883651
2019-12-21,124.0313873
2019-12-22,123.4944846
2019-12-23,125.6934224
2019-12-24,124.548164
2019-12-25,123.2021086
2019-12-26,122.1066628
2019-12-27,122.0270578
2019-12-28,120.8126867
2019-12-29,118.2820814
2019-12-30,119.1555573
2019-12-31,123.5424512
2020-1-1,114.2229686
2020-1-2,76.3165309
2020-1-3,85.79464209
2020-1-4,105.6668963
2020-1-5,89.30546122
2020-1-6,101.0372755
2020-1-7,107.8969216
2020-1-8,108.1039152
2020-1-9,123.2105747
2020-1-10,88.16861859
2020-1-11,104.2623322
2020-1-12,124.529283
2020-1-13,117.3887819
2020-1-14,116.0905007
2020-1-15,118.2721397
2020-1-16,117.6878453
2020-1-17,113.9269035
2020-1-18,106.3131855
2020-1-19,101.5630801
2020-1-20,100.1065028
2020-1-21,95.90262383
2020-1-22,93.82502231
2020-1-23,89.32010948
2020-1-24,86.86803399
2020-1-25,83.45431327
2020-1-26,82.09415176
2020-1-27,84.12862842
2020-1-28,84.23178169
2020-1-29,81.07859864
2020-1-30,80.78005163
2020-1-31,77.39294322
2020-2-1,120.9146872
2020-2-2,77.03904371
2020-2-3,93.32237959
2020-2-4,106.3595458
2020-2-5,89.39777615
2020-2-6,103.9739806
2020-2-7,106.2814014
2020-2-8,106.8717219
2020-2-9,119.7722927
2020-2-10,91.83340685
2020-2-11,106.0421987
2020-2-12,125.0944025
2020-2-13,68.67493068
2020-2-14,72.84134371
2020-2-15,74.32189847
2020-2-16,74.91911028
2020-2-17,76.82870509
2020-2-18,76.22623781
2020-2-19,78.05274702
2020-2-20,74.86888616
2020-2-21,74.80948471
2020-2-22,73.74764994
2020-2-23,69.68869635
2020-2-24,75.74157947
2020-2-25,77.84637044
2020-2-26,80.11181432
2020-2-27,80.31284619
2020-2-28,83.24818026
2020-2-29,81.60151835
2020-3-1,120.7702431
2020-3-2,76.31037631
2020-3-3,93.44712922
2020-3-4,104.77753
2020-3-5,96.81161172
2020-3-6,105.4500153
2020-3-7,105.4674602
2020-3-8,116.8461266
2020-3-9,115.9481919
2020-3-10,92.38051882
2020-3-11,107.1172721
2020-3-12,125.8668827
2020-3-13,94.13286176
2020-3-14,90.59765046
2020-3-15,89.04269513
2020-3-16,94.7267077
2020-3-17,92.69552477
2020-3-18,88.46729374
2020-3-19,91.8919611
2020-3-20,92.31735788
2020-3-21,91.83859241
2020-3-22,89.00163842
2020-3-23,96.47710064
2020-3-24,93.72059588
2020-3-25,91.17753075
2020-3-26,97.62607846
2020-3-27,97.82254871
2020-3-28,96.82654312
2020-3-29,97.2260817
2020-3-30,100.7296033
2020-3-31,99.92562012
2020-4-1,118.6300355
2020-4-2,76.77393145
2020-4-3,94.10636145
2020-4-4,90.64577808
2020-4-5,103.7367113
2020-4-6,110.6955399
2020-4-7,101.2964819
2020-4-8,117.1556552
2020-4-9,115.1214622
2020-4-10,98.89598091
2020-4-11,106.2883861
2020-4-12,125.8819195
2020-4-13,102.7676419
2020-4-14,103.632398
2020-4-15,98.80782839
2020-4-16,97.31708359
2020-4-17,101.3081855
2020-4-18,100.3696497
2020-4-19,92.44351802
2020-4-20,99.73551798
2020-4-21,103.6669287
2020-4-22,101.5127287
2020-4-23,100.2598444
2020-4-24,97.65810415
2020-4-25,96.31345558
2020-4-26,100.2508465
2020-4-27,102.2826306
2020-4-28,97.69296109
2020-4-29,101.4164161
2020-4-30,100.5761648
2020-5-1,114.6068086
2020-5-2,78.93590604
2020-5-3,90.12970041
2020-5-4,96.59752344
2020-5-5,103.6293484
2020-5-6,112.4050961
2020-5-7,97.83410922
2020-5-8,117.9164511
2020-5-9,112.4702094
2020-5-10,100.3555564
2020-5-11,106.7535136
2020-5-12,124.7618124
2020-5-13,103.3392377
2020-5-14,105.6172988
2020-5-15,107.6925977
2020-5-16,104.1707901
2020-5-17,99.25696211
2020-5-18,101.6977552
2020-5-19,108.095615
2020-5-20,110.2452292
2020-5-21,105.2250582
2020-5-22,106.9320903
2020-5-23,105.3906497
2020-5-24,103.5202353
2020-5-25,107.8875349
2020-5-26,106.5999108
2020-5-27,105.8020854
2020-5-28,104.7228022
2020-5-29,102.9805719
2020-5-30,100.8126557
2020-5-31,98.64810455
2020-6-1,116.7698456
2020-6-2,81.21352227
2020-6-3,94.17782352
2020-6-4,100.5017939
2020-6-5,105.0669864
2020-6-6,104.5726398
2020-6-7,106.969565
2020-6-8,118.6619363
2020-6-9,112.4671045
2020-6-10,100.6723552
2020-6-11,107.0169307
2020-6-12,123.6572982
2020-6-13,111.9108593
2020-6-14,106.9335347
2020-6-15,113.6732308
2020-6-16,111.2705368
2020-6-17,110.3592911
2020-6-18,109.1968694
2020-6-19,107.3772683
2020-6-20,101.1714972
2020-6-21,99.07977945
2020-6-22,107.3813628
2020-6-23,108.7538929
2020-6-24,107.135465
2020-6-25,94.29796284
2020-6-26,100.4407259
2020-6-27,106.7212969
2020-6-28,108.0603167
2020-6-29,107.2106707
2020-6-30,109.4621917
2020-7-1,116.4183435
2020-7-2,79.61367338
2020-7-3,87.39090347
2020-7-4,103.9912681
2020-7-5,107.3395152
2020-7-6,100.8086834
2020-7-7,110.8951994
2020-7-8,117.8925671
2020-7-9,116.3859397
2020-7-10,100.7988025
2020-7-11,107.6825323
2020-7-12,125.2905537
2020-7-13,107.2711203
2020-7-14,110.7634871
2020-7-15,108.5683987
2020-7-16,107.3028652
2020-7-17,107.5834528
2020-7-18,105.9726723
2020-7-19,102.8046628
2020-7-20,106.5838939
2020-7-21,108.1377969
2020-7-22,109.6284047
2020-7-23,112.7219727
2020-7-24,114.6290644
2020-7-25,112.3230281
2020-7-26,105.4189321
2020-7-27,110.7146559
2020-7-28,113.3852358
2020-7-29,116.1495124
2020-7-30,116.9519766
2020-7-31,116.4267806
2020-8-1,118.3834674
2020-8-2,75.74497964
2020-8-3,85.30886543
2020-8-4,103.8296412
2020-8-5,107.6857001
2020-8-6,107.9902512
2020-8-7,110.2409194
2020-8-8,114.3194544
2020-8-9,115.8050744
2020-8-10,101.485347
2020-8-11,108.9175798
2020-8-12,128.392779
2020-8-13,115.6994081
2020-8-14,119.5355646
2020-8-15,118.1063662
2020-8-16,115.7130433
2020-8-17,123.2099829
2020-8-18,122.1597765
2020-8-19,117.027172
2020-8-20,111.8041565
2020-8-21,110.4355308
2020-8-22,109.5093756
2020-8-23,109.3342671
2020-8-24,114.9852584
2020-8-25,117.43441
2020-8-26,113.1828128
2020-8-27,110.0315758
2020-8-28,112.166339
2020-8-29,111.2788326
2020-8-30,109.4529341
2020-8-31,113.6841217
2020-9-1,121.8081142
2020-9-2,71.58319509
2020-9-3,95.18052416
2020-9-4,102.4431007
2020-9-5,109.7672613
2020-9-6,111.8667273
2020-9-7,108.5943564
2020-9-8,113.2949358
2020-9-9,119.085138
2020-9-10,103.7451525
2020-9-11,109.3680816
2020-9-12,128.3905419
2020-9-13,107.7730227
2020-9-14,113.6980165
2020-9-15,113.5428905
2020-9-16,112.2434568
2020-9-17,111.507525
2020-9-18,112.2573995
2020-9-19,111.9884995
2020-9-20,111.1454366
2020-9-21,110.5590343
2020-9-22,109.3373212
2020-9-23,108.5995549
2020-9-24,107.0512008
2020-9-25,99.25382074
2020-9-26,95.47454727
2020-9-27,95.89834002
2020-9-28,93.94324202
2020-9-29,91.9577651
2020-9-30,91.76929408
2020-10-1,119.1328524
2020-10-2,72.96840233
2020-10-3,93.41009862
2020-10-4,104.7743016
2020-10-5,100.8296737
2020-10-6,111.9968888
2020-10-7,106.5560421
2020-10-8,118.8508641
2020-10-9,114.6389528
2020-10-10,104.7163327
2020-10-11,109.7079982
2020-10-12,129.4946695
2020-10-13,106.9742408
2020-10-14,107.43813
2020-10-15,107.1255558
2020-10-16,107.5881079
2020-10-17,106.6329969
2020-10-18,106.2147746
2020-10-19,107.8415916
2020-10-20,108.6296624
2020-10-21,110.6724393
2020-10-22,112.1222639
2020-10-23,113.1581265
2020-10-24,112.4952478
2020-10-25,110.9513106
2020-10-26,109.8316776
2020-10-27,110.2170824
2020-10-28,110.299528
2020-10-29,110.3816676
2020-10-30,110.5661693
2020-10-31,111.5205371
2020-11-1,118.0986239
2020-11-2,71.4349844
2020-11-3,91.56767963
2020-11-4,99.25813028
2020-11-5,99.46141205
2020-11-6,113.3119077
2020-11-7,104.2497245
2020-11-8,120.6818987
2020-11-9,111.3819107
2020-11-10,105.139619
2020-11-11,110.2829733
2020-11-12,130.8368563
2020-11-13,112.021026
2020-11-14,112.5266396
2020-11-15,113.5617872
2020-11-16,114.8391758
2020-11-17,116.3425889
2020-11-18,124.7930501
2020-11-19,126.9364672
2020-11-20,129.6001803
2020-11-21,130.8152914
2020-11-22,136.5902858
2020-11-23,140.8018696
2020-11-24,138.5826111
2020-11-25,137.1452538
2020-11-26,137.3324416
2020-11-27,138.2201963
2020-11-28,139.7687914
2020-11-29,141.775291
2020-11-30,143.0600184
2020-12-1,114.1289219
2020-12-2,70.15920615
2020-12-3,91.17858234
2020-12-4,95.56320254
2020-12-5,101.6780654
2020-12-6,113.7025199
2020-12-7,100.5514764
2020-12-8,117.0623562
2020-12-9,110.3055908
2020-12-10,107.2473968
2020-12-11,111.0247742
2020-12-12,130.3992613
2020-12-13,130.9161075
2020-12-14,132.4205337
2020-12-15,132.4323744
2020-12-16,132.4287041
2020-12-17,131.9955126
2020-12-18,132.422634
2020-12-19,131.3157369
2020-12-20,130.2470779
2020-12-21,130.0502065
2020-12-22,129.8717957
2020-12-23,130.0949773
2020-12-24,131.2426151
2020-12-25,131.753868
2020-12-26,128.7534576
2020-12-27,126.5407711
2020-12-28,127.3643074
2020-12-29,129.6382233
2020-12-30,131.0240048
2020-12-31,131.8681636
2021-1-1,134.188139
2021-1-2,110.6137826
2021-1-3,101.6157137
2021-1-4,116.882092
2021-1-5,95.25191151
2021-1-6,112.0189186
2021-1-7,102.230497
2021-1-8,112.734242
2021-1-9,121.4010233
2021-1-10,102.8859774
2021-1-11,105.3828757
2021-1-12,114.6294203
2021-1-13,137.172988
2021-1-14,130.8393613
2021-1-15,129.6717841
2021-1-16,129.3002966
2021-1-17,125.5579732
2021-1-18,121.3489866
2021-1-19,119.9995463
2021-1-20,119.8017635
2021-1-21,121.3491104
2021-1-22,118.6894917
2021-1-23,116.5266859
2021-1-24,112.9068288
2021-1-25,111.5303006
2021-1-26,111.1549135
2021-1-27,109.8844786
2021-1-28,111.1979754
2021-1-29,108.1774334
2021-1-30,105.7431425
2021-1-31,102.5411602
2021-2-1,124.3476603
2021-2-2,110.4216966
2021-2-3,111.0222239
2021-2-4,118.806877
2021-2-5,92.44013344
2021-2-6,108.5772024
2021-2-7,102.7243955
2021-2-8,114.0219091
2021-2-9,123.032627
2021-2-10,100.8124815
2021-2-11,107.5752616
2021-2-12,115.382462
2021-2-13,74.42668886
2021-2-14,75.28616763
2021-2-15,74.41752218
2021-2-16,73.59570916
2021-2-17,77.23377446
2021-2-18,76.72952765
2021-2-19,77.92591755
2021-2-20,77.46363213
2021-2-21,78.04876667
2021-2-22,79.56516114
2021-2-23,85.86633263
2021-2-24,89.88486403
2021-2-25,94.0181746
2021-2-26,96.20811263
2021-2-27,98.15587337
2021-2-28,101.1493765
2021-3-1,129.3844633
2021-3-2,110.7265244
2021-3-3,112.8475422
2021-3-4,117.4405973
2021-3-5,94.70876779
2021-3-6,113.0003712
2021-3-7,103.2804658
2021-3-8,116.867975
2021-3-9,121.5377009
2021-3-10,98.97556338
2021-3-11,107.495084
2021-3-12,114.9017587
2021-3-13,113.1410292
2021-3-14,108.638664
2021-3-15,106.669237
2021-3-16,110.8545198
2021-3-17,112.287669
2021-3-18,114.9692738
2021-3-19,115.7333017
2021-3-20,115.2018339
2021-3-21,113.3633425
2021-3-22,109.4956841
2021-3-23,112.5973995
2021-3-24,111.8744341
2021-3-25,112.8442811
2021-3-26,113.5685935
2021-3-27,114.523762
2021-3-28,111.6290942
2021-3-29,109.8519212
2021-3-30,113.6695705
2021-3-31,115.0835563
2021-4-1,129.9053691
2021-4-2,108.2015705
2021-4-3,114.9909677
2021-4-4,112.7700979
2021-4-5,104.1270771
2021-4-6,111.5777603
2021-4-7,102.9228018
2021-4-8,117.2277425
2021-4-9,119.4233828
2021-4-10,98.46138519
2021-4-11,108.4097111
2021-4-12,115.4032263
2021-4-13,113.738068
2021-4-14,112.8728725
2021-4-15,112.1467497
2021-4-16,112.2001065
2021-4-17,112.1896729
2021-4-18,107.99422
2021-4-19,107.0344932
2021-4-20,110.5384549
2021-4-21,111.385765
2021-4-22,110.4182867
2021-4-23,110.1872822
2021-4-24,110.6432562
2021-4-25,109.6150358
2021-4-26,109.2099341
2021-4-27,109.0533041
2021-4-28,111.680168
2021-4-29,110.107186
2021-4-30,110.5913333
2021-5-1,128.8027421
2021-5-2,107.1051747
2021-5-3,118.3678929
2021-5-4,108.6300521
2021-5-5,102.8467437
2021-5-6,110.8787854
2021-5-7,104.9930944
2021-5-8,115.3008545
2021-5-9,118.1033956
2021-5-10,101.3454133
2021-5-11,107.6539107
2021-5-12,114.1210195
2021-5-13,109.9717692
2021-5-14,109.8553208
2021-5-15,113.5347434
2021-5-16,110.727286
2021-5-17,110.8286594
2021-5-18,113.643612
2021-5-19,112.1474798
2021-5-20,113.778776
2021-5-21,114.6213458
2021-5-22,115.6957943
2021-5-23,115.0781425
2021-5-24,115.6151377
2021-5-25,115.1844748
2021-5-26,114.750854
2021-5-27,115.5288539
2021-5-28,114.9353058
2021-5-29,115.275573
2021-5-30,111.7070146
2021-5-31,112.0085888
2021-6-1,133.4887321
2021-6-2,105.502395
2021-6-3,124.1982234
2021-6-4,112.4001031
2021-6-5,104.5304104
2021-6-6,110.1054738
2021-6-7,108.9717772
2021-6-8,117.6115486
2021-6-9,119.2148006
2021-6-10,102.989736
2021-6-11,108.9997807
2021-6-12,114.7973345
2021-6-13,105.7453056
2021-6-14,102.0495164
2021-6-15,113.4171396
2021-6-16,117.5056964
2021-6-17,117.8868825
2021-6-18,120.0299024
2021-6-19,116.9668984
2021-6-20,115.5723888
2021-6-21,117.3580115
2021-6-22,117.4601621
2021-6-23,114.1993974
2021-6-24,114.5332856
2021-6-25,111.5122061
2021-6-26,109.7928909
2021-6-27,109.9083819
2021-6-28,115.2945996
2021-6-29,111.6365
2021-6-30,109.8126906
2021-7-1,142.2347968
2021-7-2,99.34037251
2021-7-3,119.7993774
2021-7-4,114.9933407
2021-7-5,104.7907808
2021-7-6,110.3427426
2021-7-7,110.5778051
2021-7-8,117.3546378
2021-7-9,118.0443987
2021-7-10,105.4338238
2021-7-11,110.2189873
2021-7-12,118.4584628
2021-7-13,119.7847324
2021-7-14,121.5735388
2021-7-15,121.0716829
2021-7-16,120.4965499
2021-7-17,113.6245209
2021-7-18,110.9194411
2021-7-19,112.0615943
2021-7-20,113.8170269
2021-7-21,114.1341318
2021-7-22,111.4336129
2021-7-23,113.3012333
2021-7-24,112.4788398
2021-7-25,107.465433
2021-7-26,111.2700896
2021-7-27,112.9301946
2021-7-28,114.5945362
2021-7-29,115.3417733
2021-7-30,115.1624104
2021-7-31,115.6872216
2021-8-1,143.837011
2021-8-2,95.45491535
2021-8-3,118.9263818
2021-8-4,113.8544665
2021-8-5,102.9287087
2021-8-6,113.339876
2021-8-7,114.5360746
2021-8-8,113.4218514
2021-8-9,117.17107
2021-8-10,103.5796965
2021-8-11,106.8179498
2021-8-12,118.8019448
2021-8-13,115.8426015
2021-8-14,110.3739217
2021-8-15,106.4182022
2021-8-16,108.4261455
2021-8-17,110.3745192
2021-8-18,109.7651553
2021-8-19,109.3159138
2021-8-20,109.3460084
2021-8-21,109.1358255
2021-8-22,108.3727193
2021-8-23,110.4315262
2021-8-24,113.1329657
2021-8-25,115.2873278
2021-8-26,114.3614572
2021-8-27,112.6928401
2021-8-28,111.4365484
2021-8-29,108.8507185
2021-8-30,108.7242657
2021-8-31,111.6545118
2021-9-1,140.5722073
2021-9-2,92.84356833
2021-9-3,119.5962634
2021-9-4,112.2663389
2021-9-5,104.3524705
2021-9-6,114.6333402
2021-9-7,117.8431944
2021-9-8,119.4363195
2021-9-9,116.7027516
2021-9-10,102.0851459
2021-9-11,107.4660044
2021-9-12,120.3807454
2021-9-13,106.3337926
2021-9-14,111.3732349
2021-9-15,108.9153103
2021-9-16,109.193734
2021-9-17,108.8369827
2021-9-18,111.2068999
2021-9-19,110.6339706
2021-9-20,106.4017474
2021-9-21,99.86553923
2021-9-22,105.8345885
2021-9-23,108.7550027
2021-9-24,109.4612825
2021-9-25,108.6078084
2021-9-26,107.4697771
2021-9-27,107.2942079
2021-9-28,108.0763128
2021-9-29,109.8014851
2021-9-30,109.4654236
2021-10-1,140.5213628
2021-10-2,87.43374857
2021-10-3,120.1065118
2021-10-4,111.0175196
2021-10-5,104.7936973
2021-10-6,118.5459186
2021-10-7,117.6278826
2021-10-8,121.1564945
2021-10-9,117.8038632
2021-10-10,100.11629
2021-10-11,105.8273307
2021-10-12,119.6784732
2021-10-13,97.61626817
2021-10-14,98.70727138
2021-10-15,101.4970857
2021-10-16,101.912298
2021-10-17,98.07226137
2021-10-18,96.77372999
2021-10-19,99.07493809
2021-10-20,100.6951779
2021-10-21,101.1652526
2021-10-22,99.67693063
2021-10-23,98.4630358
2021-10-24,97.50161828
2021-10-25,94.64318798
2021-10-26,97.22180398
2021-10-27,98.19237801
2021-10-28,99.84415696
2021-10-29,99.90598759
2021-10-30,99.9393853
2021-10-31,98.44956985
2021-11-1,139.7670818
2021-11-2,79.73933341
2021-11-3,120.2458153
2021-11-4,109.2013595
2021-11-5,109.4508418
2021-11-6,118.6667713
2021-11-7,116.0989663
2021-11-8,119.3171098
2021-11-9,114.7969579
2021-11-10,100.2471969
2021-11-11,108.0000776
2021-11-12,121.3758828
2021-11-13,108.8945836
2021-11-14,107.7113326
2021-11-15,109.4695051
2021-11-16,109.8521234
2021-11-17,110.6836032
2021-11-18,108.677975
2021-11-19,111.695295
2021-11-20,114.0910733
2021-11-21,116.7022025
2021-11-22,116.9785929
2021-11-23,118.2100952
2021-11-24,119.2727967
2021-11-25,123.2488621
2021-11-26,121.2383026
2021-11-27,117.5847965
2021-11-28,114.4994144
2021-11-29,116.6666427
2021-11-30,118.5523149
2021-12-1,137.6641314
2021-12-2,75.10933425
2021-12-3,117.2998452
2021-12-4,109.5512469
2021-12-5,109.5649373
2021-12-6,115.2010389
2021-12-7,116.3825797
2021-12-8,116.841815
2021-12-9,108.5247122
2021-12-10,97.83843655
2021-12-11,108.4402849
2021-12-12,121.8946945
2021-12-13,121.934851
2021-12-14,120.5644391
2021-12-15,120.8437583
2021-12-16,124.6800874
2021-12-17,125.3236037
2021-12-18,124.0936974
2021-12-19,119.3590115
2021-12-20,118.9420225
2021-12-21,119.6864914
2021-12-22,125.0100866
2021-12-23,126.5102468
2021-12-24,128.9040798
2021-12-25,130.4906878
2021-12-26,133.6233367
2021-12-27,133.0019318
2021-12-28,135.5947432
2021-12-29,139.1275217
2021-12-30,136.5036534
2021-12-31,136.8086003
